split,target,MAE,RMSE,R2
val,jarak_km,6.415702467096052,10.576203136304473,0.7509129248764042
val,luas_km2,170.86293338280424,255.60725280519165,0.5267985493881322
val,sudut_deg,42.46726814494775,67.54305495726125,0.6304955509980223
val,radius_km,3.3514236254231027,6.019527874807253,0.7247509923939697
test,jarak_km,6.893095387015591,13.742506846624723,0.7623928645402814
test,luas_km2,236.36783803340185,427.90570535861633,0.16975042926186312
test,sudut_deg,48.31462356606573,76.59885410624649,0.47489692788215176
test,radius_km,3.77729446232167,7.554127473976286,0.7695022799647452
