split,MAE,RMSE,R2
test,73.8382128622012,131.45029844636596,0.5441356254122603
val,55.77433190506779,84.93650969339116,0.658239504414132
