process,duration_seconds
optuna_tuning,11.867118800000753
train_final_model,0.2529027999989921
save_artifacts,0.06080650000149035
load_data,0.0129635999983293
split_data,0.004239300000335788
setup,0.0027226000020164065
