split,target,MAE,RMSE,R2
val,jarak_km,6.051656151482284,9.226442195491915,0.8104341266965359
val,luas_km2,166.8833587665307,238.67656196969838,0.5874094574713634
val,sudut_deg,42.1730030100801,67.41402895233628,0.6319059150097727
val,radius_km,3.1768988248861048,5.041286515187761,0.8069438399566962
test,jarak_km,6.457742073424246,12.64819197133405,0.7987274950386021
test,luas_km2,207.01391596940832,362.4357588786561,0.4043727135182551
test,sudut_deg,48.29843044476012,76.16195836759307,0.4808698903065668
test,radius_km,3.6230148975851453,7.213770931920347,0.7898048404308056
