split,MAE,RMSE,R2
test,66.34827584629446,114.61492003737588,0.6184437348235574
val,54.5712291882448,80.08957990817859,0.709173334783592
