eruption_energy_proxy,tinggi_letusan_m,plume_to_elevation_ratio,amplitudo,wind_plume_interaction,month_cos,wind_v,month,month_sin,arah_angin_deg,duration_amplitude_interaction,hour_sin,wind_u,kec_angin_km_jam,jarak_km,luas_km2,sudut_deg,radius_km
78000.0,1200,0.40417649040080833,65,8520.0,6.123233995736766e-17,7.1,3,1.0,90,8645.0,0.7071067811865476,4.347496136973104e-16,7.1,44.625714,614.2141502,265.6355056,23.93443662
1267072.0,16672,5.615358706635231,76,106700.8,-0.8660254037844387,4.525483399593905,5,0.49999999999999994,135,17480.0,0.25881904510252074,-4.525483399593904,6.4,41.92890107,460.7666882,63.77942211,21.61493847
1417260.0,18170,6.11990569215224,78,12719.0,-0.4999999999999998,0.7,4,0.8660254037844387,90,26910.0,0.8660254037844387,4.286263797015736e-17,0.7,104.935624,3071.248421,272.4287938,52.57986345
2082750.0,27770,9.353317615358707,75,49986.0,-0.8660254037844387,-1.8,5,0.49999999999999994,270,32475.0,-0.8660254037844386,-3.3065463576978537e-16,1.8,160.4044239,2825.385091,268.9134678,95.59952528
225000.0,3000,1.0104412260020208,75,25800.0,6.123233995736766e-17,-6.08111831820431,3,1.0,315,15150.0,0.9659258262890683,6.081118318204307,8.6,50.99244715,368.5070996,265.9448965,26.40704014
30000.0,500,0.16840687100033683,60,2450.0,-1.0,-4.9,6,1.2246467991473532e-16,270,9120.0,0.8660254037844386,-9.001153973733046e-16,4.9,31.62230968,737.2687805,311.3014856,18.18237767
534800.0,13370,4.503199730549007,40,13370.0,6.123233995736766e-17,-1.0,3,1.0,270,6000.0,-0.9659258262890683,-1.8369701987210297e-16,1.0,54.45898171,552.6961621,253.7484088,28.84145596
2082750.0,27770,9.353317615358707,75,130519.0,-1.0,-3.3234018715767744,6,1.2246467991473532e-16,315,32475.0,0.25881904510252074,3.3234018715767726,4.7,160.4712164,2027.257324,272.8005827,94.77298607
1362750.0,18170,6.11990569215224,75,178066.0,-0.4999999999999998,-6.929646455628168,4,0.8660254037844387,315,7725.0,0.49999999999999994,6.9296464556281645,9.8,35.16467824,307.1602006,295.5337829,17.78896153
