eruption_energy_proxy,tinggi_letusan_m,plume_to_elevation_ratio,amplitudo,wind_plume_interaction,month_cos,wind_v,month,month_sin,arah_angin_deg,duration_amplitude_interaction,hour_sin,wind_u,kec_angin_km_jam,jarak_km,luas_km2,sudut_deg,radius_km
75000.0,1000,0.33681374200067365,75,3100.0,-1.0,2.1920310216782974,6,1.2246467991473532e-16,135,18375.0,-0.5000000000000004,-2.192031021678297,3.1,29.99928826,245.7281605,295.3050823,15.31241657
1259320.0,16570,5.581003704951162,76,6628.0,-1.0,-0.4,6,1.2246467991473532e-16,270,17480.0,-0.2588190451025208,-7.347880794884119e-17,0.4,89.06017148,1258.9926,260.2045704,42.3986062
257880.0,9210,3.1020545638262043,28,58023.0,0.8660254037844387,-4.454772721475249,1,0.49999999999999994,225,4312.0,0.49999999999999994,-4.45477272147525,6.3,30.17094497,385.6759371,243.7297465,16.13032868
250850.0,8650,2.913438868305827,29,44115.0,-0.8660254037844387,3.6062445840513924,5,0.49999999999999994,135,2784.0,-0.7071067811865477,-3.606244584051392,5.1,29.99928826,245.7281605,287.8138165,16.12389253
50000.0,1000,0.33681374200067365,50,4700.0,-1.0,-4.7,6,1.2246467991473532e-16,270,1500.0,0.9659258262890683,-8.63375993398884e-16,4.7,32.51150548,614.3906504,303.2573347,18.30414918
414450.0,9210,3.1020545638262043,45,77364.0,0.8660254037844387,-5.939696961967001,1,0.49999999999999994,315,5400.0,0.49999999999999994,5.939696961966998,8.4,79.20318694,716.060316,243.8925833,39.38406958
1362750.0,18170,6.11990569215224,75,241661.0,0.5000000000000001,-9.404520189781081,10,-0.8660254037844386,225,20250.0,0.7071067811865476,-9.404520189781085,13.3,50.99244715,399.2160245,262.0628976,26.40508754
2082750.0,27770,9.353317615358707,75,94418.0,6.123233995736766e-17,-2.404163056034262,3,1.0,315,33750.0,-0.5000000000000004,2.404163056034261,3.4,132.5937552,2180.079306,265.7701895,77.51040741
