{
  "n_estimators": 3011,
  "learning_rate": 0.008951980086515062,
  "max_depth": 9,
  "min_child_weight": 4,
  "subsample": 0.8938896808686271,
  "colsample_bytree": 0.9016325788209733,
  "gamma": 0.29099670660549787,
  "reg_alpha": 1.3473006863599206e-06,
  "reg_lambda": 1.832927126575714e-05,
  "objective": "reg:squarederror",
  "eval_metric": "rmse",
  "tree_method": "hist",
  "random_state": 42,
  "n_jobs": -1
}