process,duration_seconds
plot_distribution,1.5168141999984073
feature_engineering,0.1620679999996355
feature_selection,0.10017040000093402
smote_augmentation,0.0438601000005292
split_data,0.02987069999835512
save_outputs,0.02298029999838036
scaling,0.013381200000367244
load_data,0.006750100001227111
setup,0.0015933999984554248
