{
  "target_names": [
    "jarak_km",
    "luas_km2",
    "sudut_deg",
    "radius_km"
  ],
  "mean": [
    20.224174203634433,
    365.95056628365563,
    230.60700830600732,
    11.039643983183883
  ],
  "scale": [
    18.73564097231188,
    451.3353521026354,
    108.90846243772465,
    10.239015839903384
  ],
  "var": [
    351.0242426433716,
    203703.60005760984,
    11861.053190549283,
    104.83744536979239
  ],
  "n_features_in": 4
}