{
  "target_names": [
    "jarak_km",
    "luas_km2",
    "sudut_deg",
    "radius_km"
  ],
  "mean": [
    20.224174204824507,
    365.95056628801257,
    230.60700830049853,
    11.039643983276385
  ],
  "scale": [
    18.73564097284962,
    451.3353521016544,
    108.9084624344357,
    10.23901584035041
  ],
  "var": [
    351.0242426635215,
    203703.60005672433,
    11861.053189832894,
    104.83744537894661
  ],
  "n_features_in": 4
}