process,duration_seconds
preprocess_encoding,0.17004150000138907
load_data,0.03976580000016838
setup_paths,0.000984000000244123
