{
  "model_name": "xgboost",
  "target_columns": ["jarak_km", "luas_km2", "sudut_deg", "radius_km"],
  "comparison": [
    {
      "model": "xgboost",
      "cv_r2_mean": 0.7101626038551331,
      "cv_r2_std": 0.17606668139629755,
      "cv_mae_mean": 33.67210521697998,
      "cv_rmse_mean": 147.42599008327517,
      "holdout_r2": 0.8370257616043091,
      "holdout_mae": 30.452980041503906,
      "holdout_rmse": 97.57533647937116,
      "elapsed_seconds": 19.704656839370728
    }
  ],
  "holdout_metrics": [
    {
      "target": "jarak_km",
      "mae": 3.747096061706543,
      "rmse": 9.34488204171327,
      "r2": 0.8599370718002319
    },
    {
      "target": "luas_km2",
      "mae": 95.47096252441406,
      "rmse": 190.28099082343985,
      "r2": 0.7984395623207092
    },
    {
      "target": "sudut_deg",
      "mae": 20.53249740600586,
      "rmse": 41.93730788890424,
      "r2": 0.852054238319397
    },
    {
      "target": "radius_km",
      "mae": 2.0613746643066406,
      "rmse": 5.555482531173579,
      "r2": 0.8376721143722534
    }
  ]
}