eruption_energy_proxy,tinggi_letusan_m,plume_to_elevation_ratio,month,month_cos,wind_plume_interaction,amplitudo,wind_u,month_sin,wind_v,kec_angin_km_jam,hour_cos,alert_level_num,alert_level,jarak_km,luas_km2,sudut_deg,radius_km
210000.0,3000,1.0104412260020208,3,6.123233995736766e-17,28800.0,70,6.788225099390854,1.0,-6.788225099390858,9.6,6.123233995736766e-17,3,1,50.99244715,368.5070996,265.9448965,26.40704014
1362750.0,18170,6.11990569215224,4,-0.4999999999999998,178066.0,75,6.9296464556281645,0.8660254037844387,-6.929646455628168,9.8,0.8660254037844387,3,1,35.16467824,307.1602006,295.5337829,17.78896153
175000.0,2500,0.8420343550016841,3,6.123233995736766e-17,20750.0,70,5.8689862838483435,1.0,-5.868986283848346,8.3,-0.7071067811865475,3,1,39.1595948,307.1070751,270.4626629,20.8096939
121100.0,8650,2.913438868305827,5,-0.8660254037844387,23355.0,14,-1.9091883092036783,0.49999999999999994,1.9091883092036785,2.7,-0.8660254037844387,1,0,28.28006755,276.3963676,267.5268902,15.27539373
2082750.0,27770,9.353317615358707,5,-0.8660254037844387,49986.0,75,-3.3065463576978537e-16,0.49999999999999994,-1.8,1.8,0.5000000000000001,4,2,160.4044239,2825.385091,268.9134678,95.59952528
1417260.0,18170,6.11990569215224,4,-0.4999999999999998,12719.0,78,4.286263797015736e-17,0.8660254037844387,0.7,0.7,-0.4999999999999998,3,1,104.935624,3071.248421,272.4287938,52.57986345
869050.0,13370,4.503199730549007,11,0.8660254037844384,28077.0,65,-3.8576374173141627e-16,-0.5000000000000004,-2.1,2.1,0.9659258262890681,3,1,109.5546145,3344.891557,232.3329396,60.92005917
1362750.0,18170,6.11990569215224,3,6.123233995736766e-17,63595.0,75,-6.429395695523604e-16,1.0,-3.5,3.5,-1.0,3,1,101.5387718,767.4981138,249.9105379,50.74618412
