eruption_energy_proxy,tinggi_letusan_m,plume_to_elevation_ratio,month,month_cos,wind_plume_interaction,amplitudo,wind_u,month_sin,wind_v,kec_angin_km_jam,hour_cos,alert_level_num,alert_level,jarak_km,luas_km2,sudut_deg,radius_km
823900.0,11770,3.9642977433479287,11,0.8660254037844384,107107.0,70,-1.671642880836137e-15,-0.5000000000000004,-9.1,9.1,0.7071067811865476,3,1,22.75501105,184.232054,193.702096,12.96702603
75000.0,1000,0.33681374200067365,6,-1.0,3100.0,75,-2.192031021678297,1.2246467991473532e-16,2.1920310216782974,3.1,0.8660254037844384,3,1,29.99928826,245.7281605,295.3050823,15.31241657
250850.0,8650,2.913438868305827,5,-0.8660254037844387,44115.0,29,-3.606244584051392,0.49999999999999994,3.6062445840513924,5.1,0.7071067811865474,1,0,29.99928826,245.7281605,287.8138165,16.12389253
1362750.0,18170,6.11990569215224,10,0.5000000000000001,241661.0,75,-9.404520189781085,-0.8660254037844386,-9.404520189781081,13.3,-0.7071067811865475,3,1,50.99244715,399.2160245,262.0628976,26.40508754
30000.0,500,0.16840687100033683,6,-1.0,2450.0,60,-9.001153973733046e-16,1.2246467991473532e-16,-4.9,4.9,0.5000000000000001,3,1,31.62230968,737.2687805,311.3014856,18.18237767
2082750.0,27770,9.353317615358707,6,-1.0,197167.0,75,-1.304248841091931e-15,1.2246467991473532e-16,-7.1,7.1,0.8660254037844387,4,2,150.122971,1657.697774,254.8051704,86.41514922
620500.0,12410,4.17985853822836,5,-0.8660254037844387,32266.0,50,-4.776122516674677e-16,0.49999999999999994,-2.6,2.6,0.7071067811865476,2,3,78.61342851,1043.673638,233.1153606,36.07714301
41000.0,1000,0.33681374200067365,12,1.0,4800.0,41,2.9391523179536476e-16,-2.4492935982947064e-16,4.8,4.8,-0.8660254037844388,3,1,46.08594776,1351.965439,341.6601352,25.83879104
114000.0,3000,1.0104412260020208,3,6.123233995736766e-17,5400.0,38,-1.2727922061357855,1.0,1.2727922061357857,1.8,-0.25881904510252063,4,2,39.22523358,337.8568056,278.4283661,21.97425804
