process,duration_seconds
train_and_validate,39.29290319999927
plot_test,0.9996547999999166
evaluate_test,0.4950314999987313
save_splits_and_scalers,0.17933409999932337
load_data,0.022400700001526275
scaling,0.017999600000621285
prepare_xy,0.013502199999493314
setup_paths,0.0025372999989485834
build_candidates,0.0006381000002875226
