{
  "feature_cols": [
    "eruption_energy_proxy",
    "tinggi_letusan_m",
    "plume_to_elevation_ratio",
    "amplitudo",
    "wind_plume_interaction",
    "month_cos",
    "wind_v",
    "month",
    "month_sin",
    "arah_angin_deg",
    "duration_amplitude_interaction",
    "hour_sin",
    "wind_u",
    "kec_angin_km_jam"
  ],
  "target_cols": [
    "jarak_km",
    "luas_km2",
    "sudut_deg",
    "radius_km"
  ],
  "x_scaler_mean": [
    801367.1328298397,
    12513.841016422475,
    4.214833619542768,
    58.46181853801114,
    54421.27565577163,
    -0.08924481544507425,
    -1.2785088732416563,
    4.906352348909621,
    0.3899714401600319,
    214.52297773165284,
    12847.785809155557,
    0.06383003316545713,
    -0.5099747099270284,
    4.38383987403759
  ],
  "x_scaler_scale": [
    611801.5072870565,
    7530.436415239284,
    2.5363544679148817,
    14.955658967136575,
    49368.882032708774,
    0.5992712393018605,
    3.7281573783866455,
    2.708311386657842,
    0.4815678398215962,
    76.89454918030772,
    8672.876002193105,
    0.47020810224218773,
    2.403564572065688,
    2.001123032418526
  ],
  "y_scaler_mean": [
    86.13475573832238,
    1701.0583249041783,
    231.24986749174286,
    46.84532109601101
  ],
  "y_scaler_scale": [
    40.09493810915232,
    1455.1212610102007,
    52.993943529032514,
    23.35871484964283
  ]
}