{
  "loss": [
    0.25061678886413574,
    0.21764318645000458,
    0.19605840742588043,
    0.18749213218688965,
    0.1730675846338272,
    0.1573454588651657,
    0.14581085741519928,
    0.1397416740655899,
    0.13378092646598816,
    0.12654715776443481,
    0.12140975892543793,
    0.11522715538740158,
    0.11467164754867554,
    0.11050541698932648,
    0.10994129627943039,
    0.10841640084981918,
    0.10505522787570953,
    0.09934557229280472,
    0.0982077494263649,
    0.09683102369308472,
    0.09427063167095184
  ],
  "mean_absolute_error": [
    0.5283589363098145,
    0.4779859185218811,
    0.4478406310081482,
    0.43886032700538635,
    0.41913262009620667,
    0.39549463987350464,
    0.3782587945461273,
    0.36971670389175415,
    0.35948044061660767,
    0.3446342945098877,
    0.33474981784820557,
    0.3303287923336029,
    0.32508790493011475,
    0.3201770782470703,
    0.3185085356235504,
    0.31475991010665894,
    0.30955684185028076,
    0.3006949722766876,
    0.29877153038978577,
    0.2948623299598694,
    0.2925755977630615
  ],
  "rmse": [
    0.8732027411460876,
    0.7906221747398376,
    0.7434571385383606,
    0.7200441956520081,
    0.6984482407569885,
    0.6674338579177856,
    0.6467472910881042,
    0.6284214854240417,
    0.6165379881858826,
    0.6105719804763794,
    0.5903471112251282,
    0.5679157972335815,
    0.5673917531967163,
    0.5611573457717896,
    0.5500203371047974,
    0.550264835357666,
    0.5417681932449341,
    0.5199724435806274,
    0.5222762823104858,
    0.5156243443489075,
    0.5038967132568359
  ],
  "val_loss": [
    0.1965206414461136,
    0.2037414312362671,
    0.20408622920513153,
    0.20719410479068756,
    0.21285487711429596,
    0.20325399935245514,
    0.20466257631778717,
    0.20902864634990692,
    0.20203973352909088,
    0.2136949598789215,
    0.2091069370508194,
    0.21279609203338623,
    0.21542569994926453,
    0.21665221452713013,
    0.21208296716213226,
    0.2147187739610672,
    0.2132134884595871,
    0.21340245008468628,
    0.21614184975624084,
    0.21710984408855438,
    0.21659110486507416
  ],
  "val_mean_absolute_error": [
    0.44598570466041565,
    0.4608488976955414,
    0.46799156069755554,
    0.4776879847049713,
    0.48170801997184753,
    0.47063443064689636,
    0.46825799345970154,
    0.4707457721233368,
    0.46247074007987976,
    0.4824256896972656,
    0.4745064079761505,
    0.4738253355026245,
    0.48042765259742737,
    0.47281208634376526,
    0.4717325270175934,
    0.46583589911460876,
    0.4759064316749573,
    0.4694622755050659,
    0.47649532556533813,
    0.4790719449520111,
    0.4799838364124298
  ],
  "val_rmse": [
    0.7003387212753296,
    0.7142682671546936,
    0.7093619108200073,
    0.7146226167678833,
    0.7253928184509277,
    0.7034376859664917,
    0.7094787359237671,
    0.7179766893386841,
    0.7010927200317383,
    0.7239739298820496,
    0.7157920002937317,
    0.7252515554428101,
    0.7298706769943237,
    0.7378565669059753,
    0.7229520678520203,
    0.7324031591415405,
    0.7256408333778381,
    0.7279258370399475,
    0.7317468523979187,
    0.733329176902771,
    0.7308070063591003
  ],
  "lr": [
    0.0010000000474974513,
    0.0010000000474974513,
    0.0010000000474974513,
    0.0010000000474974513,
    0.0010000000474974513,
    0.0010000000474974513,
    0.0010000000474974513,
    0.0010000000474974513,
    0.0010000000474974513,
    0.0005000000237487257,
    0.0005000000237487257,
    0.0005000000237487257,
    0.0005000000237487257,
    0.0005000000237487257,
    0.0005000000237487257,
    0.0005000000237487257,
    0.0005000000237487257,
    0.0002500000118743628,
    0.0002500000118743628,
    0.0002500000118743628,
    0.0002500000118743628
  ]
}