target,rmse,r2
jarak_km,9.559886071461131,0.8525906777234223
luas_km2,204.62614540355446,0.8032254724806793
radius_km,5.748498567671899,0.8293101120686182
sudut_deg,73.59089595093222,0.5373012054599926
