{
  "target_names": [
    "jarak_km",
    "luas_km2",
    "sudut_deg",
    "radius_km"
  ],
  "mean": [
    51.95810304078963,
    573.5416953010057,
    244.59462715395534,
    19.776132954083156
  ],
  "scale": [
    45.6108871981806,
    690.9853504989381,
    96.02403173113655,
    25.424704105922068
  ],
  "var": [
    2080.353031005155,
    477460.7546041404,
    9220.614669902317,
    646.4155788736905
  ],
  "n_features_in": 4
}