{
  "feature_cols": [
    "eruption_energy_proxy",
    "tinggi_letusan_m",
    "plume_to_elevation_ratio",
    "month",
    "month_cos",
    "wind_plume_interaction",
    "amplitudo",
    "wind_u",
    "month_sin",
    "wind_v",
    "kec_angin_km_jam",
    "hour_cos",
    "alert_level_num",
    "alert_level"
  ],
  "target_cols": [
    "jarak_km",
    "luas_km2",
    "sudut_deg",
    "radius_km"
  ],
  "x_scaler_mean": [
    899168.0040590803,
    13263.78632257746,
    4.467425504404669,
    3.744617236248096,
    -0.20915804686590872,
    54313.738185141665,
    63.01783677151666,
    -0.16997437584688835,
    0.595487995175351,
    -0.5020728680948565,
    4.427324785438671,
    0.4512802006699834,
    3.147537385612486,
    1.3843271928449525
  ],
  "x_scaler_scale": [
    688076.7612317774,
    8728.415807618734,
    2.9398503899018973,
    1.557685249698271,
    0.5525811971361461,
    42321.23163612502,
    11.965936659374663,
    2.4835080775210603,
    0.37502513476363203,
    3.033269531776179,
    1.582809481105435,
    0.6045602130285885,
    0.6764739331009663,
    0.574322707753628
  ],
  "y_scaler_mean": [
    84.44432833754216,
    1704.1075172154567,
    233.6756196727977,
    47.50807145972219
  ],
  "y_scaler_scale": [
    43.84598313413626,
    1586.2071530311598,
    61.53971866063171,
    27.10621941826147
  ]
}