eruption_energy_proxy,tinggi_letusan_m,plume_to_elevation_ratio,month,month_cos,wind_plume_interaction,amplitudo,wind_u,month_sin,wind_v,kec_angin_km_jam,hour_cos,alert_level_num,alert_level
823900.0,11770,3.9642977433479287,11,0.8660254037844384,107107.0,70,-1.671642880836137e-15,-0.5000000000000004,-9.1,9.1,0.7071067811865476,3,1
75000.0,1000,0.3368137420006736,6,-1.0,3100.0,75,-2.192031021678297,1.2246467991473532e-16,2.192031021678297,3.1,0.8660254037844384,3,1
250850.0,8650,2.913438868305827,5,-0.8660254037844387,44115.0,29,-3.606244584051392,0.4999999999999999,3.606244584051392,5.1,0.7071067811865474,1,0
1362750.0,18170,6.11990569215224,10,0.5000000000000001,241661.0,75,-9.404520189781085,-0.8660254037844386,-9.40452018978108,13.3,-0.7071067811865475,3,1
30000.0,500,0.1684068710003368,6,-1.0,2450.0,60,-9.001153973733046e-16,1.2246467991473532e-16,-4.9,4.9,0.5000000000000001,3,1
2082750.0,27770,9.353317615358709,6,-1.0,197167.0,75,-1.304248841091931e-15,1.2246467991473532e-16,-7.1,7.1,0.8660254037844387,4,2
620500.0,12410,4.17985853822836,5,-0.8660254037844387,32266.0,50,-4.776122516674677e-16,0.4999999999999999,-2.6,2.6,0.7071067811865476,2,3
41000.0,1000,0.3368137420006736,12,1.0,4800.0,41,2.9391523179536476e-16,-2.4492935982947064e-16,4.8,4.8,-0.8660254037844388,3,1
114000.0,3000,1.0104412260020208,3,6.123233995736766e-17,5400.0,38,-1.2727922061357857,1.0,1.2727922061357857,1.8,-0.2588190451025206,4,2
