eruption_energy_proxy,tinggi_letusan_m,plume_to_elevation_ratio,month,month_cos,wind_plume_interaction,amplitudo,wind_u,month_sin,wind_v,kec_angin_km_jam,hour_cos,alert_level_num,alert_level
-1.0015859318157314,-1.175904831850306,-1.1759048318503063,-0.4780280460332606,0.37851097350020035,-0.602859066213077,0.5835032749411381,2.8017623692140927,1.0786263834812078,-2.0724014682648546,3.268034009341876,-0.7464603044405821,-0.21809766554665705,-0.6691833487625576
0.6737358708511346,0.5620966949283139,0.5620966949283137,0.16395017144918878,-0.5263334232895239,2.924117683503911,1.0013560634299332,2.8587065593769334,0.7213847380645565,-2.119024874050525,3.394391604736314,0.6860279492041974,-0.21809766554665705,-0.6691833487625576
-1.0524523495935152,-1.2331889955542816,-1.2331889955542819,-0.4780280460332606,0.37851097350020035,-0.793070921794534,0.5835032749411381,2.431625133155631,1.0786263834812078,-1.7693493306580008,2.4467096392780334,-1.9160820657606736,-0.21809766554665705,-0.6691833487625576
-1.1307866329713023,-0.5285937819953817,-0.5285937819953818,0.8059283889316381,-1.1887254946836159,-0.7315178927523358,-4.096447956133367,-0.7003053258005928,-0.254617587793241,0.7949379875538402,-1.0913030317662151,-2.178948558085362,-3.1746047859791786,-2.410364720314696
1.720130750851259,1.6619526380446454,1.661952638044646,0.8059283889316381,-1.1887254946836159,-0.10225926840577926,1.0013560634299332,0.06844124139775286,-0.254617587793241,-0.4278970656277689,-1.6599122110411837,0.08058717441220833,1.2601558946696036,1.0719980227895807
0.7529566832244774,0.5620966949283139,0.5620966949283137,0.16395017144918878,-0.5263334232895239,-0.9828338301392149,1.2520677365232102,0.06844124139775302,0.7213847380645565,0.39629609419871226,-2.3548789857105894,-1.5735077832933722,-0.21809766554665705,-0.6691833487625576
-0.043771285060061886,0.012168723370148085,0.01216872337014799,4.657797693826334,1.945747441684016,-0.6199426900125048,0.165650486452343,0.06844124139775284,-2.9211055303421385,-0.5268002448069466,-1.4703758179495274,0.8512727343417618,-0.21809766554665705,-0.6691833487625576
0.6737358708511346,0.5620966949283139,0.5620966949283137,-0.4780280460332606,0.37851097350020035,0.21930509713559315,1.0013560634299332,0.06844124139775273,1.0786263834812078,-0.9883484143097762,-0.5858726501884655,-2.4005552621461628,-0.21809766554665705,-0.6691833487625576
