eruption_energy_proxy,tinggi_letusan_m,plume_to_elevation_ratio,month,month_cos,wind_plume_interaction,amplitudo,wind_u,month_sin,wind_v,kec_angin_km_jam,hour_cos,alert_level_num,alert_level
210000.0,3000,1.0104412260020208,3,6.123233995736766e-17,28800.0,70,6.788225099390854,1.0,-6.788225099390858,9.6,6.123233995736766e-17,3,1
1362750.0,18170,6.11990569215224,4,-0.4999999999999998,178066.0,75,6.9296464556281645,0.8660254037844387,-6.929646455628168,9.8,0.8660254037844387,3,1
175000.0,2500,0.8420343550016841,3,6.123233995736766e-17,20750.0,70,5.868986283848344,1.0,-5.868986283848346,8.3,-0.7071067811865475,3,1
121100.0,8650,2.913438868305827,5,-0.8660254037844387,23355.0,14,-1.9091883092036783,0.4999999999999999,1.9091883092036783,2.7,-0.8660254037844387,1,0
2082750.0,27770,9.353317615358709,5,-0.8660254037844387,49986.0,75,-3.306546357697853e-16,0.4999999999999999,-1.8,1.8,0.5000000000000001,4,2
1417260.0,18170,6.11990569215224,4,-0.4999999999999998,12719.0,78,4.286263797015736e-17,0.8660254037844387,0.7,0.7,-0.4999999999999998,3,1
869050.0,13370,4.503199730549007,11,0.8660254037844384,28077.0,65,-3.857637417314162e-16,-0.5000000000000004,-2.1,2.1,0.965925826289068,3,1
1362750.0,18170,6.11990569215224,3,6.123233995736766e-17,63595.0,75,-6.429395695523604e-16,1.0,-3.5,3.5,-1.0,3,1
