jarak_km,luas_km2,sudut_deg,radius_km
22.75501105,184.232054,193.702096,12.96702603
29.99928826,245.7281605,295.3050823,15.31241657
29.99928826,245.7281605,287.8138165,16.12389253
50.99244715,399.2160245,262.0628976,26.40508754
31.62230968,737.2687805,311.3014856,18.18237767
150.122971,1657.697774,254.8051704,86.41514922
78.61342851,1043.673638,233.1153606,36.07714301
46.08594776,1351.965439,341.6601352,25.83879104
39.22523358,337.8568056,278.4283661,21.97425804
