jarak_km,luas_km2,sudut_deg,radius_km
-1.4069548195285873,-0.9581822023126382,-0.6495564903901585,-1.2742848752434974
-1.2417338188308067,-0.9194129240487721,1.001458309666079,-1.1877589564567594
-1.2417338188308067,-0.9194129240487721,0.8797277271570573,-1.1578220645767612
-0.7629406115767586,-0.8226488515209861,0.46128384310216625,-0.7785292221719824
-1.204717396709885,-0.609528670242016,1.261394553252341,-1.0818806317920329
1.4979397875862381,-0.02925831164408136,0.34334818531953,1.4353561136624646
-0.13298595243500222,-0.41636042174781634,-0.0091040239538193,-0.4217086961976397
-0.8748436649303517,-0.22200257863074904,1.7547125316366183,-0.7994209773541339
-1.0313167028141481,-0.8613318310944584,0.7272172736764819,-0.9419909514389915
