jarak_km,luas_km2,sudut_deg,radius_km
-0.7629406115767586,-0.8420088227840818,0.5243650365897056,-0.7784571870434435
-1.123926220260198,-0.8806840354653316,1.005174618498448,-1.096394501613914
-1.0328137334497527,-0.8807175276229597,0.597777240907924,-0.9849539379783623
-1.2809442683887617,-0.900078622698917,0.5500719090686665,-1.1891247994549554
1.7324299772245082,0.7068922691729387,0.5726033347914002,1.7741852184623936
0.4673471592544668,0.8618930391103127,0.629726215371757,0.18710805487175172
0.5726929667796237,1.0344071621724122,-0.02181810547757074,0.4947937409981324
0.38987478990176816,-0.590471050156119,0.2638120319777825,0.11946013607844906
