jarak_km,luas_km2,sudut_deg,radius_km
50.99244715,368.5070996,265.9448965,26.40704014
35.16467824,307.1602006,295.5337829,17.78896153
39.1595948,307.1070751,270.4626629,20.8096939
28.28006755,276.3963676,267.5268902,15.27539373
160.4044239,2825.385091,268.9134678,95.59952528
104.935624,3071.248421,272.4287938,52.57986345
109.5546145,3344.891557,232.3329396,60.92005917
101.5387718,767.4981138,249.9105379,50.74618412
