split,target,MAE,RMSE,R2
val,jarak_km,8.77405195800489,18.322904695852763,0.443073651435235
val,luas_km2,219.9209146613919,417.5819591258892,0.3004693107133344
val,sudut_deg,58.19571574125035,76.72215450351625,0.5086717960363578
val,radius_km,4.528998449328128,9.287051824630757,0.5238219957849396
test,jarak_km,7.601398919236863,14.947916780184565,0.5740866908031883
test,luas_km2,226.38673409308024,509.9562267563593,0.14108139889554294
test,sudut_deg,55.70494290569719,73.59157626671947,0.5366032482642888
test,radius_km,4.604779342834709,9.862521815748648,0.43953371620960024
