split,MAE,RMSE,R2
test,73.57446381521224,152.089560404753,0.4228262635431551
val,72.85492020249382,130.47851753747224,0.44400918849246673
