split,target,MAE,RMSE,R2
val,jarak_km,7.307504251096034,13.177544064526504,0.613312102482746
val,luas_km2,177.9044539427711,282.24577782394675,0.4230281432573766
val,sudut_deg,77.0775955557544,99.38394414604888,0.19999863402059015
val,radius_km,3.7914063032811645,7.153257657194,0.6113052819501376
test,jarak_km,7.513024379147907,13.48304305321089,0.7712803924981738
test,luas_km2,213.63964655209233,352.8911630184818,0.4353308364236458
test,sudut_deg,73.39293325226389,95.21105000979612,0.18871261516410254
test,radius_km,4.072376965842801,7.646308202123593,0.76384256978362
