split,MAE,RMSE,R2
test,74.65449528733673,117.30789107090311,0.5397916034673855
val,66.52024001322567,100.49013092292903,0.4619110404277126
