process,duration_seconds
train_model,163.5072607000002
import_tensorflow,19.822675100000197
evaluate_and_save_metrics,0.5602328999993915
save_splits,0.09446979999847827
standardize_data,0.033900200000061886
load_data,0.01122419999956037
split_data,0.007675799999560695
list_artifacts,0.006466099999670405
prepare_features_targets,0.0042697999997471925
save_scalers_and_metadata,0.004044500001327833
setup_paths,0.003978900000220165
set_seed,0.0038821000016469043
