eruption_energy_proxy,tinggi_letusan_m,plume_to_elevation_ratio,amplitudo,wind_plume_interaction,month_cos,wind_v,month,month_sin,arah_angin_deg,duration_amplitude_interaction,hour_sin,wind_u,kec_angin_km_jam
78000.0,1200,0.4041764904008083,65,8520.0,6.123233995736766e-17,7.1,3,1.0,90,8645.0,0.7071067811865476,4.3474961369731044e-16,7.1
1267072.0,16672,5.615358706635231,76,106700.8,-0.8660254037844387,4.525483399593905,5,0.4999999999999999,135,17480.0,0.2588190451025207,-4.525483399593904,6.4
1417260.0,18170,6.11990569215224,78,12719.0,-0.4999999999999998,0.7,4,0.8660254037844387,90,26910.0,0.8660254037844387,4.286263797015736e-17,0.7
2082750.0,27770,9.353317615358709,75,49986.0,-0.8660254037844387,-1.8,5,0.4999999999999999,270,32475.0,-0.8660254037844386,-3.306546357697853e-16,1.8
225000.0,3000,1.0104412260020208,75,25800.0,6.123233995736766e-17,-6.08111831820431,3,1.0,315,15150.0,0.9659258262890684,6.081118318204307,8.6
30000.0,500,0.1684068710003368,60,2450.0,-1.0,-4.9,6,1.2246467991473532e-16,270,9120.0,0.8660254037844386,-9.001153973733046e-16,4.9
534800.0,13370,4.503199730549007,40,13370.0,6.123233995736766e-17,-1.0,3,1.0,270,6000.0,-0.9659258262890684,-1.8369701987210294e-16,1.0
2082750.0,27770,9.353317615358709,75,130519.0,-1.0,-3.3234018715767744,6,1.2246467991473532e-16,315,32475.0,0.2588190451025207,3.3234018715767726,4.7
1362750.0,18170,6.11990569215224,75,178066.0,-0.4999999999999998,-6.929646455628168,4,0.8660254037844387,315,7725.0,0.4999999999999999,6.9296464556281645,9.8
