eruption_energy_proxy,tinggi_letusan_m,plume_to_elevation_ratio,amplitudo,wind_plume_interaction,month_cos,wind_v,month,month_sin,arah_angin_deg,duration_amplitude_interaction,hour_sin,wind_u,kec_angin_km_jam
-1.1872594692530385,-1.5289739374363494,-1.5289739374363496,1.1058142939959856,-1.039547049531511,-1.5197712234879452,0.9308995148755829,0.40381163572183665,-0.809795438799448,-1.0341822480184102,0.6372988832593455,-1.1991074387634615,-0.6998174009137038,-0.6415596908531711
0.7485317733211948,0.5386353140661421,0.5386353140661418,1.172678616203211,-0.9680850302444919,-1.5197712234879452,0.23564157412845851,0.40381163572183665,-0.809795438799448,0.721468853900954,0.5341035879762489,-0.6861835785675013,0.2121743330110505,-1.9908020693873998
-0.8883389896174875,-0.43873167957922315,-0.4387316795792234,-2.036808849743609,0.07295535559914224,1.5940531708853312,-0.8519661392642485,-1.442357170653928,0.22847987498652256,0.1362518199278326,-0.9841932257531548,0.9276104872601427,-1.64122822302958,0.9575423874096182
-0.8998296445378611,-0.5130965595305009,-0.5130965595305012,-1.9699445275363834,-0.20876056397111292,-1.296208690482625,1.3102326327776745,0.034577874446683726,0.22847987498652256,-1.0341822480184102,-1.1603746907727879,-1.6395651429139395,-1.288199164736126,0.35787910806107204
-1.2281223957124041,-1.5289739374363494,-1.5289739374363496,-0.5657937611846497,-1.007137970489779,-1.5197712234879452,-0.9177432118595243,0.40381163572183665,-0.809795438799448,0.721468853900954,-1.3084224663521131,1.9185032942264644,0.21217433301105015,0.15799134827822361
-0.6324226537877728,-0.43873167957922315,-0.4387316795792234,-0.9001153722207769,0.4647203541904785,1.5940531708853312,-1.2502659130614455,-1.442357170653928,0.22847987498652256,1.3066858878740755,-0.8587446433307983,0.9276104872601427,2.683377741065224,2.006953126269574
0.917589872668882,0.7511063996412215,0.7511063996412211,1.1058142939959856,3.7926668912651267,0.9832689720460024,-2.179632051921569,1.8807466808224484,-2.6081410345212688,0.1362518199278326,0.8534901443272854,1.3680681914106216,-3.7005643964080583,4.45557818360947
2.0944421546986103,2.025932913091698,2.0259329130916983,1.1058142939959856,0.8101606254265392,0.14892224020135322,-0.30193311830621566,-0.7038896481036221,1.266755188772494,1.3066858878740755,2.4100672240164522,-1.1991074387634615,1.2124233315091681,-0.49164387101603474
