eruption_energy_proxy,tinggi_letusan_m,plume_to_elevation_ratio,amplitudo,wind_plume_interaction,month_cos,wind_v,month,month_sin,arah_angin_deg,duration_amplitude_interaction,hour_sin,wind_u,kec_angin_km_jam
75000.0,1000,0.3368137420006736,75,3100.0,-1.0,2.192031021678297,6,1.2246467991473532e-16,135,18375.0,-0.5000000000000004,-2.192031021678297,3.1
1259320.0,16570,5.581003704951162,76,6628.0,-1.0,-0.4,6,1.2246467991473532e-16,270,17480.0,-0.2588190451025208,-7.347880794884119e-17,0.4
257880.0,9210,3.1020545638262043,28,58023.0,0.8660254037844387,-4.454772721475249,1,0.4999999999999999,225,4312.0,0.4999999999999999,-4.45477272147525,6.3
250850.0,8650,2.913438868305827,29,44115.0,-0.8660254037844387,3.606244584051392,5,0.4999999999999999,135,2784.0,-0.7071067811865477,-3.606244584051392,5.1
50000.0,1000,0.3368137420006736,50,4700.0,-1.0,-4.7,6,1.2246467991473532e-16,270,1500.0,0.9659258262890684,-8.63375993398884e-16,4.7
414450.0,9210,3.1020545638262043,45,77364.0,0.8660254037844387,-5.939696961967001,1,0.4999999999999999,315,5400.0,0.4999999999999999,5.939696961966998,8.4
1362750.0,18170,6.11990569215224,75,241661.0,0.5000000000000001,-9.40452018978108,10,-0.8660254037844386,225,20250.0,0.7071067811865476,-9.404520189781085,13.3
2082750.0,27770,9.353317615358709,75,94418.0,6.123233995736766e-17,-2.404163056034262,3,1.0,315,33750.0,-0.5000000000000004,2.404163056034261,3.4
