jarak_km,luas_km2,sudut_deg,radius_km
-1.0352688817057252,-0.7469096932510283,0.6488597718608938,-0.9808281244702697
-1.1025295649036475,-0.8523630778668719,-3.1601808476471445,-1.0801271725955763
0.4689087737333611,0.9416329297151381,0.777049669566437,0.24549905210545733
1.85234525015327,0.7726687776627436,0.7107151836628891,2.0871954856169865
-0.8764774369436072,-0.9157664457318633,0.6546980031642604,-0.8749745475112698
-1.3595842425275881,-0.6623431120338925,1.510580507457445,-1.227077072112522
-0.7900192772985444,-0.7891865740501527,0.42454929393830443,-0.7707558079243517
1.85401110881648,0.22417306917044275,0.7840653561759139,2.0518108672713145
-1.2712347219383198,-0.9579257493196691,1.213042682378213,-1.243919443044843
