jarak_km,luas_km2,sudut_deg,radius_km
44.625714,614.2141502,265.6355056,23.93443662
41.92890107,460.7666882,63.77942211,21.61493847
104.935624,3071.248421,272.4287938,52.57986345
160.4044239,2825.385091,268.9134678,95.59952528
50.99244715,368.5070996,265.9448965,26.40704014
31.62230968,737.2687805,311.3014856,18.18237767
54.45898171,552.6961621,253.7484088,28.84145596
160.4712164,2027.257324,272.8005827,94.77298607
35.16467824,307.1602006,295.5337829,17.78896153
