jarak_km,luas_km2,sudut_deg,radius_km
-1.4000637019441753,-1.0001435642510181,1.2087270835612514,-1.349941755314213
0.07296222115903049,-0.3037999215249452,0.5463775854385029,-0.19036641889906897
-1.3957824455538377,-0.9039675407470781,0.23549632613055288,-1.314926468074962
-1.4000637019441753,-1.0001435642510181,1.0673662920984317,-1.3152020033533978
-1.337406984201879,-0.7467883973805537,1.3587867294459441,-1.221863963823653
-0.17287890006095671,-0.6769181615973058,0.23856906971512493,-0.3194204631563923
-0.8764774369436072,-0.8946624142515722,0.5814443699849651,-0.8750581394388466
1.1587248079844923,0.3291966064486386,0.6514012679457482,1.3127899591812464
