jarak_km,luas_km2,sudut_deg,radius_km
29.99928826,245.7281605,295.3050823,15.31241657
89.06017148,1258.9926,260.2045704,42.3986062
30.17094497,385.6759371,243.7297465,16.13032868
29.99928826,245.7281605,287.8138165,16.12389253
32.51150548,614.3906504,303.2573347,18.30414918
79.20318694,716.060316,243.8925833,39.38406958
50.99244715,399.2160245,262.0628976,26.40508754
132.5937552,2180.079306,265.7701895,77.51040741
