model,cv_r2_mean,cv_r2_std
dummy_mean,-0.04352058192890415,0.032810598982609726
ridge,0.6321416297355397,0.1589735904901832
elastic_net,0.6790331697987946,0.09029379631033457
xgboost,0.9019917945067087,0.06423564309273232
random_forest,0.8666282396527533,0.06935108732564446
extra_trees,0.9316630046964071,0.03436140951450617
