model,MAE,RMSE,R2,cv_r2_mean,cv_r2_std,selection_score
extra_trees,190.19485457748763,220.9400452053339,-0.41834394021208055,0.9316630046964071,0.03436140951450617,0.39166022673301193
xgboost,277.1440607882761,352.42695936782513,-1.1946922065772838,0.9019917945067087,0.06423564309273232,0.06331819407311168
random_forest,263.5199126405098,348.53568156829056,-1.5206289777088497,0.8666282396527533,0.06935108732564446,-0.08827464729188805
elastic_net,253.6373011879215,302.20524400650896,-2.33452830384808,0.6790331697987946,0.09029379631033457,-0.5263914196599553
dummy_mean,291.57858623657756,311.33136355266214,-1.7117301594043468,-0.04352058192890415,0.032810598982609726,-0.7108044129190813
ridge,269.46772917646865,344.2550913632487,-2.807710124731156,0.6321416297355397,0.1589735904901832,-0.7437990720511387
