process,duration_seconds
train_and_validate,25.64554870000029
plot_test,1.0992540000006557
evaluate_test,0.28302570000050764
save_splits_and_scalers,0.07634429999961867
load_data,0.06871310000133235
scaling,0.01059490000079677
prepare_xy,0.007501500000216765
setup_paths,0.0024796999987302115
build_candidates,0.0006374000004143454
