process,duration_seconds
feature_engineering,3.844969800000399
plot_distribution,1.8497153999996954
smote_augmentation,1.6627677000014955
feature_selection,0.13729930000044988
save_outputs,0.09126499999911175
scaling,0.024188100000174018
load_data,0.017333800000415067
split_data,0.007828699999663513
setup,0.00295179999920947
