process,duration_seconds
optuna_tuning,79.11036700000113
train_final_model,1.5401750000019092
save_artifacts,0.082844099997601
load_data,0.012703700002020923
split_data,0.007769799998641247
setup,0.0027991999995720107
